{
    "format": "evolab-genome",
    "version": 1,
    "topic": "breaker",
    "topology": {
        "inputSize": 8,
        "hiddenLayers": [12],
        "outputSize": 3
    },
    "geneCount": 147,
    "genome": [
        -0.29558140021286317, -0.0797754249149178, 0.2898778254769484, -0.4554005861026619, -1.4561438617212348, -0.4760868384061874, -0.24534535147622816, 0.42586915972865347, -1.2250413775531213,
        0.22622561745951458, 1.397033999314062, -1.1370638315592365, 1.117174923741226, -1.4172466305941274, -0.898827524605922, 0.31472749412865175, 0.1304180340986223, -0.2976328243249805,
        -0.9404210505860366, -0.03093452199498986, -0.09718629523149522, -0.5287021992297442, 0.2868080683831416, -0.28177338271975544, -0.01594354826545985, -0.08244492219071715, 0.19423089902849183,
        -0.19018085261283968, 1.9183372158323135, -0.8266642311705015, -1.0831499024315383, -0.19580128992280488, -0.296312979430635, 0.3994499392797795, 0.10513453554604671, 0.34314273838693293,
        -0.7560133119867849, 1.5572649064089992, -1.0391213644014177, 0.02684857409001195, -0.005620236483196818, -0.05726222342476788, -0.46878572008997454, 0.8309003242098054, -0.37292787368663566,
        0.1590053604810316, 1.0873391838792765, 0.14714471005022062, 0.5197649325414607, 0.10945816833813887, 0.9425400793531288, 0.13429197163745493, 1.2802967403281116, -0.8996466355297115,
        -0.6365989173351998, -0.08086522786669645, 0.13905307220340274, 0.26179449118578196, -0.6837683315520258, 0.2808427298135591, -1.097284865676509, 1.24631642623694, 0.5927673170480177,
        0.046116927486913595, -0.1019613257075771, 0.051402625442378225, 0.8382642427409259, 0.34037707796378436, 0.01148584766555174, -0.06351557672557018, -0.6253319452188411, -0.06991182235949622,
        0.008859925125516092, 0.09493881817368899, 0.9451945743548722, 0.9087954228525614, 1.1006099647675016, -0.06285263604413291, 0.08238143187815081, 0.9079512246395005, 0.6796048334302256,
        1.1679328568946774, -0.35696350599100907, 0.46686779879763, -1.187769942437402, 1.2527231672900816, -0.30737739346837645, 0.6676878329647236, 0.02583239579449011, -0.39229491821798623,
        -1.1409475702167904, -0.4854406382595541, 0.13515260942602636, 0.2208602928399271, -0.35390938293991586, -0.14736655080609817, -0.107783699509056, 0.051409612915442354, 0.1605475146420346,
        -0.09513568087025753, 0.7216866914387823, 0.9062239988954617, -0.7544378590962308, -0.025538132779807293, 0.731033071197395, 0.25267837686365086, 0.05477635266677151, 0.026940988728736903,
        0.45342466589613356, -1.7800440545659806, -0.02003781824908501, 0.10155543182052906, -0.10598220064160012, 1.1010268238693561, 0.15475140160235593, -1.7869088885525664, 0.9700980941117074,
        -0.9545465866426971, -0.9820274810140543, 0.5287527399797122, -0.8712074369431726, 0.25192533169427445, -0.3370100344169501, -0.2202580292996969, 0.07884616451091486, 1.5984440274272116,
        -1.0340740957390075, 0.5879970501813179, -0.1794789213326325, 0.7304505942031094, 0.7288256858052764, 0.7886241704681807, -0.5459297171501081, 0.29657580012178786, 0.8574892307538031,
        -2.5333674730173237, 0.880293940254351, -0.19199370595078286, 1.8855953000876209, -0.061599588734256375, -0.2926121770309983, -0.8006532865885018, 0.6781634149495839, -0.3700840559737895,
        2.515149832685132, -0.158240348180904, -0.2767990602654708
    ],
    "meta": {
        "fitness": 11003.080023415452,
        "score": 45,
        "steps": 8406,
        "exportedAt": "2026-07-16T06:36:19.762Z"
    }
}
