{
  "format": "evolab-genome",
  "version": 1,
  "topic": "breaker",
  "topology": {
    "inputSize": 8,
    "hiddenLayers": [
      12
    ],
    "outputSize": 3
  },
  "geneCount": 147,
  "genome": [
    -0.45724874793958675,
    -0.1626844064230968,
    -1.6220936899033171,
    0.34922121376289667,
    1.168563142846015,
    1.8387248145049264,
    -0.08274280453264075,
    0.44478476191327226,
    0.9828612414736533,
    -0.17475148584072348,
    -0.16388190579335388,
    0.0589307847317012,
    -0.9714762984880833,
    0.4796781460620515,
    0.0057708703576320325,
    0.2512911680103873,
    0.030003916620521928,
    0.5353417184795101,
    -0.24194558199009353,
    0.604476485179732,
    0.4010137663136242,
    0.08451329019895971,
    1.6981381288884827,
    -0.5432391053927017,
    0.6501396190865762,
    0.5185788687978683,
    -0.7684571798690281,
    0.16065691471222748,
    -1.0819676468294748,
    -0.26947726939467453,
    -0.6018039607324063,
    -0.08450583310968471,
    0.4752499987983616,
    0.07881407951906287,
    -0.5010784648828616,
    -0.9289192210614392,
    1.2516960641486488,
    -0.7906438410457398,
    -0.4847890025340648,
    -1.0064388992168918,
    -0.699169664594359,
    -0.15132877936881897,
    -0.07848017335733393,
    -1.1703708831025215,
    0.006981812818595574,
    -0.5419473186046483,
    0.6056416894448495,
    0.9208980173852065,
    0.05161093075241935,
    -0.6150778205684042,
    0.5404413862098622,
    0.24661729239459576,
    -0.10739739064221196,
    -1.284239357192049,
    0.2503021686873928,
    -1.3458844344117151,
    0.574228031325954,
    -0.06324567090940306,
    1.1487740697905289,
    0.2208393963904181,
    1.9829508258776196,
    -2.6523111562309793,
    0.9785701892924655,
    0.8070731434164817,
    0.27039551217870367,
    0.9989526216780206,
    1.078831325969179,
    0.5123113423773854,
    -0.008245360690137787,
    -2.2655512852811217,
    -1.129025333794064,
    1.5511375999293464,
    1.1510362609879168,
    0.5257764277894925,
    0.16256705481254674,
    0.09731309111557213,
    1.031026027469373,
    -1.158520247157943,
    0.7753255007135577,
    -0.21975014415962368,
    -0.4116806286976292,
    -0.6548699968285487,
    -1.6231666128981757,
    -0.9411944391597553,
    -0.6270181534930678,
    0.8742761961367134,
    0.12192474241797083,
    0.19835352928704206,
    0.37259368934429404,
    0.21173088997701062,
    -1.1403487437861575,
    -0.4891053436664062,
    1.6944785781404756,
    -1.3868587522974216,
    0.7435543467476491,
    0.6565818479507595,
    -0.37787122968005477,
    1.761068101484403,
    -0.28619041741186535,
    0.28967913530314965,
    1.0228058970545773,
    -0.4385895574800579,
    -1.4710512907428153,
    -0.8557671009707236,
    1.069176697026028,
    -0.7176636129633706,
    -0.4744027106344255,
    0.26670595976688444,
    -0.831350569808569,
    -0.2522045815195685,
    1.46471414154724,
    0.28785182788676944,
    -0.17451131124566635,
    -1.5833225920454401,
    -0.23639041427885174,
    -0.0038919551903357358,
    0.5971932402179227,
    0.5402185623059826,
    0.6927908657963646,
    1.1000282997662238,
    -0.4094631851890555,
    0.24153536954235283,
    1.167145563419086,
    -0.5504976582892981,
    -0.17699525435489133,
    -0.06203679562851355,
    0.030702427886346667,
    -0.011993210787585468,
    -1.462687892857497,
    -0.7379894276459779,
    0.6662703227951081,
    -0.688948559071851,
    -0.9995651778924799,
    0.4446671170923385,
    0.09505671231042923,
    0.7965470163857851,
    -0.6620124263540981,
    0.733614192399625,
    -2.029729319835314,
    0.5256331661088063,
    0.7004212660308574,
    -1.6820319399606316,
    0.35681069906896556,
    0.17444954805902746,
    0.6405167763227915,
    -0.7637660752011557,
    0.31953356473345584
  ],
  "meta": {
    "fitness": 11001.383557347499,
    "score": 45,
    "steps": 4134,
    "exportedAt": "2026-07-14T08:58:57.788Z"
  }
}