{
  "format": "evolab-genome",
  "version": 1,
  "topic": "breaker",
  "topology": {
    "inputSize": 8,
    "hiddenLayers": [
      12
    ],
    "outputSize": 3
  },
  "geneCount": 147,
  "genome": [
    0.8082721141973157,
    0.7068605841367263,
    -0.9744873596756829,
    0.43778491266906416,
    0.4798608674140219,
    1.7993047034208955,
    -0.06106308747171515,
    -1.152038321401368,
    0.5234671096623181,
    -0.9867894086455975,
    1.7142930769694482,
    -0.3834957630604575,
    -0.6184654843052746,
    0.9077540572259281,
    0.4003408214519924,
    -0.3999153208103432,
    -0.6053366358783193,
    2.0398020472895317,
    -0.7591022961088612,
    -0.5109396135559144,
    1.1342346664028007,
    -1.2880911353211162,
    2.0745872652682724,
    -0.08974167739201161,
    -0.3969553566817618,
    0.5296663071464783,
    -0.017808047339546218,
    0.20772431466036137,
    -0.5515266950686476,
    -0.15677065316477348,
    -0.6871811733884549,
    -0.02132712234291667,
    0.5655749596124994,
    -0.3165264901247957,
    1.863669361431391,
    -0.3442396669496164,
    1.1015762824474293,
    -1.0694810607532974,
    -0.6104833050949632,
    -0.7478026290120706,
    -0.4816626888325086,
    -0.42532760983746953,
    -0.32079990882313675,
    -1.348740092437316,
    -0.29534940998033477,
    0.32569306905824746,
    1.2583273092317768,
    0.06954256917476911,
    0.08847141192374854,
    0.1312077417750317,
    0.7737334263225253,
    0.6134734038412221,
    0.13741626569307738,
    0.2687682635184007,
    -0.9301714991547452,
    -1.5088657700579626,
    -0.7939422169235952,
    0.4593511959537774,
    -0.42048501057259924,
    -0.28508772882467615,
    2.572425591246215,
    -2.4049845397559872,
    0.7833436840113888,
    0.020157151593141187,
    0.023006059677019255,
    0.9462223566036541,
    1.0498601040072055,
    0.8863036511193524,
    0.20143850628698254,
    -0.49699354837728077,
    1.0442572056939328,
    1.093940891620283,
    -0.07666292088970111,
    0.6576667705357184,
    0.9329506898108179,
    0.2891021840060132,
    0.08578969307221092,
    -1.6428781262880081,
    0.31903531429574605,
    0.10365275070711832,
    0.05466579646737593,
    -0.3399761955879821,
    0.24865161256712415,
    -1.7037422649391878,
    -1.889619632483744,
    0.7804794485692468,
    0.37775093096976053,
    0.19583520598117313,
    -0.19017697715577908,
    -0.6644191831506905,
    -1.2378640533318537,
    0.12910581234371413,
    0.8800739922067669,
    -1.6989248154223475,
    0.01720865333411742,
    0.902449061594844,
    -1.3397081684646115,
    0.5777549273563177,
    -0.0035375113654291523,
    0.05471301952012009,
    -0.4996459285746935,
    -0.9574059788423253,
    1.2919977998954626,
    -0.6469605307861385,
    -0.55704125549734,
    0.2343762116057079,
    0.006831457278072245,
    -0.471522604176222,
    -0.5023710461935229,
    -0.9918682125867699,
    1.3647795419177293,
    0.5337869928404448,
    0.09561311157450914,
    -0.6198609443671876,
    -0.5901117326192035,
    0.5091108235217955,
    -0.02268731252326046,
    0.6812295356234943,
    -0.08325182923025265,
    1.5199664712496772,
    -0.9888495509547834,
    0.34411177269001064,
    0.368020088984427,
    0.46480074798632387,
    0.508891022825624,
    0.48922632946541456,
    0.4416729906976395,
    -0.03673420503877939,
    -0.8339753142400556,
    0.5499346238951673,
    1.0521293257478082,
    -0.5638674822308765,
    -1.2350013425426305,
    0.005811297499837386,
    -0.5902822759790747,
    0.23523466587062253,
    0.3141441550468465,
    0.6118505449263937,
    -0.9813229723781882,
    -0.5866250986312022,
    0.42926125414242045,
    -1.6367192510839503,
    0.0042994705480858455,
    -0.16101568524022736,
    0.7605744693292648,
    0.029661394081981762,
    0.38978782182504845
  ],
  "meta": {
    "fitness": 11004.48049471731,
    "score": 43,
    "steps": 3639,
    "exportedAt": "2026-07-14T09:14:54.117Z"
  }
}