{
  "format": "evolab-genome",
  "version": 1,
  "topic": "snake",
  "topology": {
    "inputSize": 10,
    "hiddenLayers": [
      12
    ],
    "outputSize": 3
  },
  "geneCount": 171,
  "genome": [
    -0.9293838023170852,
    -0.5435624212946555,
    -0.7817444902230757,
    -0.8252443643146178,
    -0.06608704530288895,
    0.0010728662564504499,
    -2.179114562290495,
    -0.6072649972859715,
    0.6765100669709586,
    0.800649346337237,
    -0.936390732447201,
    1.6639529836323272,
    -1.4542721544675814,
    0.7300267543290845,
    -0.43838586098269616,
    -0.7159788026138668,
    0.10854261961152802,
    -0.17058857540304811,
    0.6516808179553942,
    -1.0089342040104967,
    -0.09098552150827266,
    -0.1428008982594,
    -1.2641245724655465,
    -0.4051592729293544,
    1.482684709253153,
    -1.3083271765637687,
    0.29136071758047205,
    -0.8114588759241032,
    0.13110420866081587,
    -0.20672706158388127,
    0.5145778788766444,
    -0.4243938262342435,
    -0.019883586131493408,
    0.22573100915716135,
    0.31803848028700016,
    0.22542352773527385,
    0.21763518534561613,
    0.23587716132554998,
    0.8740855612297965,
    -0.9696687141473153,
    -0.2234591889270186,
    -0.07414233318807517,
    0.7961421204226572,
    -0.3269256517552914,
    -0.9871760757353292,
    0.537016414981288,
    -0.5732239161506846,
    0.5029589179123124,
    -0.5257421184281112,
    -0.11337063171976816,
    -0.11991037133145607,
    -0.594838618407103,
    -0.0196063861065226,
    0.6987328112842787,
    -0.31271837371880745,
    0.8042246408267817,
    -0.05521903779444955,
    0.139438800292853,
    -1.360610180107412,
    1.689265275177223,
    0.8378035202510479,
    0.33037302204024155,
    0.10787762481313197,
    -0.28559338014911084,
    -0.07492659629278306,
    -0.7683100719000743,
    0.5597370035158822,
    -0.1709089695089574,
    -0.15254836359893154,
    1.3518161967341933,
    -0.11525200874515548,
    0.5085736573153645,
    0.601257142032768,
    -0.8120519998924822,
    -0.3707346099724243,
    0.42352537364293374,
    -0.4136312127462598,
    0.07139706722712402,
    -1.2627823640446463,
    -0.2855365901689228,
    -0.6095242104546694,
    0.9849156667280008,
    -1.3441890148408906,
    0.44597387167818064,
    -0.42852954204982,
    0.44033970488216845,
    1.1502884391271566,
    0.382289622440778,
    -0.4281609440576063,
    0.32219941984879474,
    0.18600778183460415,
    0.28727670062866295,
    -0.2947739280157582,
    -0.8078375473279736,
    0.2145957445448591,
    2.074252813060828,
    -0.5294005782146325,
    0.38589024433174934,
    0.7826424592100181,
    -0.4200965815585922,
    -0.004606949823282636,
    -0.9273643055722007,
    -0.19212851580330542,
    0.6171314268269158,
    -0.6576516418045258,
    0.3084336209555298,
    -0.6285446146655961,
    1.4032465128562988,
    0.4559737780211959,
    -0.5615017764186542,
    0.2811840289569495,
    -0.617522716637448,
    0.06116171978274496,
    -0.3424640360615398,
    0.4798506347503765,
    -0.7324417152958409,
    -1.160567678888782,
    1.0691671090472952,
    -1.317774215605277,
    -0.1666749284268025,
    0.9024102548534022,
    0.1549539507207361,
    -0.8242973519338817,
    -0.1666507941210314,
    0.020130267313372086,
    0.21170635652349828,
    -0.3043402419580437,
    0.1559885937766683,
    0.1732601127096632,
    0.2951608809733121,
    0.045418252568439454,
    -0.7606690086677055,
    1.4132709063000897,
    0.2928214038628134,
    0.09553286755819723,
    -0.9054188197372612,
    0.21796428901361098,
    0.668031869252063,
    1.0602393689664045,
    -0.5890460847971274,
    0.38740884322751684,
    0.2800686156726465,
    -1.3523488577143157,
    0.5415512034487617,
    1.0288459745145255,
    0.03559945213634626,
    -1.3177303938085354,
    0.18571126555034495,
    0.7920637415511598,
    0.6279469401698237,
    -0.3119059259179304,
    0.520787133517931,
    -0.45366146443245153,
    -0.7243023232210043,
    0.40931916816941866,
    -0.031030604549339258,
    0.2230785392956066,
    -0.28739327626499606,
    -0.9359494153370009,
    0.9879694946691027,
    -1.044527242315994,
    -1.0243564892497425,
    0.7481878681760377,
    0.5293250344819175,
    -1.0337099497642703,
    1.1689324980569382,
    -0.4683800058003985,
    0.02158614962304939,
    1.4519324725550626,
    0.8539130041639119,
    -0.18000046710518045
  ],
  "meta": {
    "fitness": 1934313.52,
    "score": 79,
    "steps": 5351,
    "exportedAt": "2026-07-14T08:28:24.998Z"
  }
}