{
  "format": "evolab-genome",
  "version": 1,
  "topic": "stock-mc",
  "topology": {
    "inputSize": 17,
    "hiddenLayers": [
      10,
      5
    ],
    "outputSize": 3
  },
  "geneCount": 270,
  "genome": [
    0.3618524245462197,
    -0.17478570423034867,
    0.23989904011834695,
    -1.2304968154942268,
    0.011837492094517376,
    0.5195108682733909,
    0.8170913524946505,
    0.22554484592161145,
    -0.9323440274966193,
    -0.3210698692000828,
    -1.879462115630336,
    0.7392331729214519,
    0.5601741343371114,
    0.03425827418274129,
    -1.231080238758,
    0.9248089470471248,
    1.087214973454111,
    -0.3140921820113226,
    0.5346745935789616,
    -0.07929455946644126,
    -0.16421064222261453,
    -0.22463083809158246,
    0.25914508826735566,
    0.18365959625698347,
    0.4556975784325895,
    0.06477554492328208,
    -0.1016076048982913,
    -0.03784487571568234,
    0.20142798122131547,
    -0.049834938164309464,
    -0.1496591136590727,
    -0.221324466264648,
    -0.39439369877090924,
    -0.03509281428559751,
    0.21580416869522517,
    0.291160411766318,
    0.7434035006650258,
    -0.13370114783087045,
    -0.015496646641991992,
    0.0721373062830476,
    -0.4198642996456823,
    -0.2138435327604286,
    -0.10089260270869851,
    -0.33273661515793745,
    0.2559042385484079,
    0.061908878979050265,
    0.048885303671926214,
    0.10886326718794684,
    -0.12762699252575954,
    -0.017815817758729393,
    -0.21753567287374698,
    -0.04096303740014067,
    0.2743461792316389,
    0.06575146125447917,
    0.17816178427754062,
    0.024867087929977987,
    0.23658108471552897,
    0.036703098595871994,
    0.017610753763779085,
    0.16375116269348103,
    -0.019012245099744272,
    -0.22525889415163766,
    0.14890136313580962,
    0.2238242610428418,
    0.03380429134049522,
    0.23766632288623787,
    0.06782592922138819,
    -0.5063288804570036,
    0.2661612165132816,
    -0.03598553037551189,
    0.06642157370337994,
    -0.013744327980417238,
    -0.015037057739361393,
    -0.16897009620851752,
    0.10362995464492973,
    -0.0021490120682798736,
    -0.28116768666923553,
    -0.3064869588038209,
    -0.19087039365257796,
    -0.03811681393026717,
    -0.4234921475770326,
    -0.11644846826417658,
    0.2320753588133707,
    -0.1995914212256085,
    -0.3669706537082,
    0.0021385656491997094,
    -0.40337001435946507,
    0.1970221466032192,
    0.38502305405787657,
    0.6063705722618271,
    -0.15210603920716348,
    -0.2731791200482906,
    -0.38544251744702845,
    0.12221229414654562,
    0.3069179234450838,
    -0.015200595877805326,
    -0.16679819525046855,
    -0.08246396374619883,
    0.18702305763447072,
    0.04837174311496505,
    -0.35205619585344683,
    -0.11766042373418574,
    0.06271458590321688,
    0.166017635819649,
    0.1499828059890858,
    0.3408573850522786,
    0.1757803324350532,
    -0.41305786306426395,
    0.04208889990696532,
    -0.14257218466692134,
    -0.3223090364716193,
    -0.4407920979845375,
    0.18309471074547315,
    -0.045979474982615245,
    -0.03813138018656428,
    0.26093188906212866,
    -0.11040703558260223,
    -0.007887250405738074,
    0.045281864487936904,
    -0.45660698552833023,
    0.17336700781196543,
    0.1890343634349999,
    -0.28620354637933687,
    0.23759924349508613,
    0.31878952005140304,
    0.28953196864171993,
    -0.4900231646551415,
    0.3095756163762437,
    -0.2805738262864668,
    0.14517527821081933,
    -0.34357893406752055,
    0.26353599700067165,
    -0.18220952796576628,
    -0.05523712942807019,
    0.0038311894004335184,
    -0.01471728403178152,
    0.08233238075216107,
    0.18615654207000337,
    -0.45894088649865766,
    0.4407701558523174,
    0.06459613236419923,
    -0.1858835327656705,
    -0.14819784803312838,
    0.28593363551191336,
    -0.3166962875397915,
    -0.24523855962555094,
    0.2678385762711918,
    -0.20630760943466991,
    -0.5801648684398413,
    -0.08687423149641879,
    -0.08036994677415094,
    -0.06765313023537951,
    -0.08202143156050645,
    0.1602903733451184,
    0.06067549057147302,
    -0.026015338773790798,
    0.2395608838048674,
    0.13065548949692665,
    0.12227062101938992,
    -0.01623887870213768,
    -0.22629626495719254,
    0.2950568961176331,
    -0.2942619214109437,
    -0.19580048272350437,
    0.19669581864261382,
    -0.09433644546310499,
    0.308729116602039,
    0.09243581243811856,
    0.1322117297948916,
    0.16971270992314166,
    0.42333015220212455,
    -0.03632722622252042,
    0.05532554664608898,
    0.19377067599480963,
    0.045164940698309355,
    0.09394366992132097,
    -0.2911482120908563,
    -0.4353498347070149,
    -0.11552550662802052,
    -0.29821742399224427,
    -0.14386028457136069,
    -0.4341010736533216,
    -0.008607586393547726,
    -0.36639826413948223,
    -0.3816192820038767,
    0.40785760613026195,
    0.16964770664589726,
    0.028111086393110708,
    0.11912665338560624,
    0.3092357478683103,
    0.04199589900755362,
    0.25510831358743535,
    -0.29411158061729276,
    0.06195665114630633,
    -0.18543390115044808,
    -0.05487524889449172,
    -0.432276394038263,
    -0.028288729296915838,
    -0.5998122298023122,
    -0.03997689700466952,
    0.21672714767432735,
    0.0609649772631168,
    0.1312013976975226,
    -0.09308637448573706,
    -0.1793502244603942,
    -0.23479304133931087,
    -0.213738133133643,
    -0.383551159121342,
    -0.03178241301825985,
    0.10760933080123304,
    -0.3667415885609975,
    -0.42336930461914607,
    0.09411682433000287,
    -0.23045205864844862,
    -0.21794828987996687,
    -0.12092760192239894,
    0.5721698448010996,
    0.20351801610892084,
    0.10831018796935357,
    -0.07090259640012653,
    0.29906432580987913,
    -0.5482673175487858,
    0.43558554466500093,
    -0.3271845468635963,
    -0.2733169524444107,
    -0.2934455582553611,
    0.04417325066902519,
    0.26402559209025905,
    0.04234580988864118,
    -0.352022663273416,
    -0.13909392099998044,
    -0.34331679727088527,
    0.2668122440505294,
    0.060564517838464824,
    -0.1062876685093486,
    -0.6906506472579006,
    0.25650800863626905,
    -0.2052814688827373,
    -0.23049989322808756,
    0.22346348194388438,
    -0.20447680357082798,
    -0.27537073299963427,
    -0.27813981465022575,
    0.04566048655291628,
    -0.00014576517642380095,
    0.0538101198795522,
    -0.07242155112433657,
    -0.0657179487722838,
    0.07025739089224041,
    0.2874599051605834,
    -0.10821547622393046,
    0.6048957752494372,
    0.25412034226902463,
    -0.31404312492597364,
    0.1715263692789772,
    -0.026112418984562194,
    0.2713985390024124,
    0.20688657576168928,
    0.48845528701046276,
    0.23323733249614123,
    0.27585273016305645,
    0.40931891135708953,
    0.009990667269578405,
    0.027142561708338436,
    0.19638858012308102,
    0.17982967259964178,
    0.20521990194151188,
    0.0789369602740748,
    0.5879543345865592,
    0.4249336243958995
  ],
  "meta": {
    "fitness": 418.79345832598955,
    "score": 803.1,
    "exportedAt": "2026-07-14T08:08:52.547Z"
  }
}
