{
  "format": "evolab-genome",
  "version": 1,
  "topic": "stock",
  "topology": {
    "inputSize": 21,
    "hiddenLayers": [
      10,
      5
    ],
    "outputSize": 3
  },
  "geneCount": 310,
  "genome": [
    -0.8523149959803341,
    -1.5343601302038727,
    0.1179674786168835,
    4.028295620801972,
    -1.8045105019437742,
    -0.45177956311788964,
    1.2364822021863109,
    2.1045627942812315,
    -1.1524120941259497,
    0.13710548960795163,
    0.1572593663602887,
    -0.9529688342680884,
    0.5116264853008479,
    3.553384969579603,
    0.18032537509052493,
    0.258988505494411,
    -2.332750382983738,
    0.061345796895062366,
    -0.6359225379974118,
    0.5936525604101712,
    -0.4940708362082727,
    -0.690989874564395,
    -0.19147033070248184,
    0.7455010406542659,
    0.38185848593507576,
    -0.14157918794794455,
    -0.2602043569507326,
    -0.0922906161226551,
    0.5980957051364234,
    0.13192630606413178,
    0.04328201193826746,
    0.10476022842518427,
    -0.664375983641354,
    0.0885107242524858,
    -0.4002541838967043,
    -0.02307076565837024,
    -0.5905352629792728,
    1.0387267787389793,
    -0.45917392224153125,
    0.340855329783095,
    0.023930041825893693,
    -0.5179239018408175,
    0.5617483193916484,
    0.9196827081355013,
    0.05259017577951895,
    -0.12514587988625706,
    0.5839580127149184,
    -0.12313255020537224,
    1.203890596357528,
    -0.4212549056696134,
    -0.1903705755214779,
    -0.0780924368172054,
    -0.22626403849544827,
    0.45123827409748063,
    0.4145893569039821,
    -0.19540827721200757,
    0.11004001861196619,
    0.5269623616075584,
    -0.7331314815370286,
    -0.9531924537545551,
    0.9383705398619121,
    0.19899105552459537,
    -0.4891639820406066,
    0.6295026422018248,
    0.1273718022971874,
    -0.3911460610036188,
    0.32191662250126096,
    -0.7522595699119362,
    0.30961255740871496,
    -0.2750564932794917,
    -0.7092072476244228,
    1.678684703969599,
    0.16056848759049575,
    -0.22461679061071463,
    -0.32427076649335296,
    -0.08549099523222846,
    1.2189160365908496,
    -0.7333782745844296,
    -0.2874677467813574,
    0.2645387839192801,
    0.29099576912002595,
    -0.007508743336596513,
    0.8799147593791073,
    0.12266338079239601,
    0.29349825955218256,
    0.0031292932384904097,
    0.049981151575237,
    0.15760394197065233,
    0.24411760347015649,
    1.899838801138065,
    -1.0108828887434989,
    -0.4605271982174532,
    -0.622716124044965,
    0.2019253920246262,
    -0.5312227488280687,
    -0.23336393031093935,
    0.06287963827662546,
    -0.6925242705326471,
    0.05745524382297266,
    0.4934123724991621,
    0.29508413335624667,
    -0.030064363093306484,
    0.13203231997272596,
    -0.7082587470323584,
    0.5400147302402691,
    -0.5091243628661427,
    -0.7963717705345891,
    1.4485842277928858,
    -0.5773718692030414,
    0.9818065832969087,
    -0.12185197128958651,
    -0.18952676293331208,
    -0.9927745988923219,
    0.10837080273770117,
    -0.10590152989283066,
    -0.5020335961504099,
    -0.0019138505192600602,
    0.36268022688712864,
    -0.26558473073116085,
    -0.8748206910999416,
    0.16713398790644216,
    0.24594385141516956,
    0.6434931734078395,
    -0.25486531143640945,
    -0.2657789334980814,
    -0.06970452586876799,
    -0.06316556225545546,
    0.09372223845888006,
    -0.07641786402591601,
    0.5920207181452343,
    1.180924920820784,
    -0.5195941861902463,
    0.05594282555568204,
    -0.5087533921160392,
    -0.24265157988393446,
    0.29592553498572316,
    -0.8659845773392837,
    -0.0032397830846051592,
    0.389006708763724,
    -0.5946293984275322,
    1.2090150325104978,
    -0.09648098415629756,
    0.2897393545787127,
    0.28895007656579724,
    -0.3230625743031765,
    -0.5547371920074449,
    -0.24974744177136032,
    0.4396001476838138,
    0.19668878309987325,
    0.10002085299478759,
    -0.5846304564610049,
    0.4120656328360258,
    0.681012878983869,
    0.30588803902296485,
    0.18554430977008163,
    -0.7417651549903103,
    0.0690526660423676,
    0.8004702205788901,
    1.2828300610981773,
    -0.36709267187522027,
    -0.22008318454321696,
    -0.24596735090826533,
    -0.1808421313864271,
    -0.1380670270436362,
    -0.04742846629326673,
    0.250965800736849,
    -0.623756851575656,
    0.18420924379264564,
    -0.3303632678393834,
    0.08009047809584952,
    0.5348099010170076,
    -0.5648518894295763,
    -0.18924227879832567,
    -0.2816686235236031,
    0.6538893994608455,
    1.2335967211105563,
    0.7815672180807691,
    0.008674068135735638,
    -0.4141291724654655,
    0.3772838960521504,
    0.22530707212499923,
    -1.4949459227982187,
    -1.9800345451565875,
    1.2364203095847783,
    0.404705419937081,
    -0.41132491278087124,
    -1.015590408701495,
    0.12512461783677212,
    0.38228079227753126,
    -0.6562396973363637,
    0.24105211375226734,
    -0.008294277180985424,
    0.5756522275180357,
    0.22426469231715604,
    -0.2040227152053368,
    -0.844937649805254,
    -0.26928677885490576,
    -0.22133043813526537,
    -0.10800952612584364,
    0.12642948540801419,
    0.2532087574787735,
    0.2698695497878738,
    0.2752532449927446,
    -0.4296222515932736,
    -0.013293980985855755,
    -0.49415298390017576,
    0.05188188690925413,
    0.4973375383835727,
    0.3465457092556241,
    0.6274460108446495,
    -0.7350428644177428,
    -0.19781238438821452,
    0.8990198223199156,
    -0.22120890856347245,
    0.3181586811962313,
    0.20450146702660363,
    -0.05735425850875694,
    0.4003145485153763,
    -0.2890812064134622,
    0.1715229502737774,
    0.6623832422436309,
    0.3831070837915082,
    -0.5724631612421527,
    0.03469316953746005,
    -0.03153365205087327,
    0.5536343965679664,
    -0.18728680786374385,
    -0.2039825119945521,
    -0.18803358225243627,
    -0.755920709178103,
    0.4877331066002068,
    0.6834364198480857,
    -0.385045731649915,
    -1.2616389970689574,
    0.5193197067224183,
    -0.7653793649380924,
    -0.01657794505789565,
    0.4092995551622297,
    0.8178289365193719,
    -0.9264944094974558,
    -0.21402020351018292,
    0.4689430826669808,
    -1.6290821574111074,
    0.13218967300465356,
    -0.2387061855643838,
    0.23623831016000638,
    0.13649358940145828,
    0.16449272680225832,
    0.2552400551171763,
    -0.8339306497168884,
    0.10673503962512618,
    -0.21730757761958508,
    -0.7111618189869964,
    -0.5167053624206294,
    0.08431817398320733,
    0.023175987656899277,
    0.49648148644153506,
    0.11754140331123585,
    -0.5132568636324709,
    -0.21279665029154832,
    -0.28603078542520294,
    -0.11310900445963953,
    -1.4820373974526753,
    1.7509810644743196,
    0.5164884252714341,
    0.2892872578841185,
    -0.8434083335845678,
    -0.4305064522238545,
    0.41592112953109805,
    -0.09717152013489759,
    0.5274118549551567,
    0.27170216749933934,
    0.0049256875325074155,
    -0.7264015124429997,
    -1.0363897051500768,
    -0.21394531680886808,
    0.1358259193917995,
    -0.24503233118769224,
    -0.2012132065528509,
    0.03580249160277937,
    -0.13063833493208885,
    -0.6893022014578256,
    0.891137282478379,
    0.14484990877950826,
    0.4983980135705076,
    0.10417799214333978,
    -0.10577354058707011,
    -0.3481257232813958,
    -0.6320184664078035,
    0.20848494854702995,
    -0.4181293450622614,
    -0.49630962829505043,
    0.6959652261993825,
    -0.3223604097264618,
    -0.26601826208303236,
    -0.5795475400440966,
    -0.02996441272010236,
    0.3847216393030145,
    -0.2957360814870519,
    1.367180584338093,
    0.7038067821376507,
    -0.5275936831340751,
    0.08584297408627549,
    -0.15935926299610664,
    0.7957202639086195,
    1.1326200994347715,
    -0.20514380114510838,
    0.707150050753218,
    0.7595978646471172,
    -0.02973047710206657
  ],
  "meta": {
    "fitness": 1267.3448557706529,
    "score": 3164.4,