{
  "format": "evolab-genome",
  "version": 1,
  "topic": "stock",
  "topology": {
    "inputSize": 17,
    "hiddenLayers": [
      10,
      5
    ],
    "outputSize": 3
  },
  "geneCount": 279,
  "genome": [
    2.000520446319597,
    -0.09757207860338651,
    0.3064804044829061,
    -0.4255899592666464,
    1.031098264024646,
    -0.006228633489360508,
    0.11154199665422854,
    -0.7625166677398553,
    0.9315470584210794,
    -0.061901731669596276,
    -0.2599293485819846,
    0.8027162590674366,
    -0.12769980168482362,
    -0.3791954675410132,
    0.17372000378906616,
    0.06532339749768262,
    2.48790405702418,
    1.4457580874869296,
    -0.32258916946605276,
    -1.735477647642915,
    -0.7715533004647116,
    -1.0765747506219614,
    -0.3550291300521335,
    -0.3593023627633477,
    0.27568709709321865,
    -0.27892969290644615,
    0.11899977725429622,
    -0.17286611783797187,
    -0.3750243528596468,
    1.0064926861966434,
    0.18049321728281567,
    0.23703055153923225,
    -0.074176453468444,
    0.20317717686726566,
    0.029703849653311614,
    0.24608632863398047,
    -0.1808229356269207,
    0.17718761718675835,
    0.35890577848334637,
    0.010508617542777904,
    0.3883552612657283,
    0.14634252045439106,
    0.7128614618965599,
    -1.104129883870392,
    0.07632919118380208,
    -0.0025631743775244714,
    -0.005361787250703548,
    0.3400717030899051,
    1.096508626926638,
    -0.3732695546810422,
    -0.4122611910055217,
    0.025918471942586056,
    0.7097463426659247,
    -0.0810796284636304,
    -0.004221466155896456,
    -0.5803092326773726,
    -0.6668015351130003,
    -0.10051527085764331,
    -0.4141113384153945,
    -0.05260004141904519,
    0.08731894161258937,
    -0.036034937082728605,
    0.008171303362139776,
    0.14262954826574342,
    -0.02307884604227376,
    0.06664076058749535,
    0.2613858738682664,
    0.2849469367627926,
    0.05586036841355571,
    -0.13273132612991,
    0.6400900840378593,
    -0.06727789447371155,
    -0.19431855409172402,
    -0.10886896655303259,
    -0.37009913717441256,
    -0.4422887539585906,
    -0.5682879361355325,
    0.05061339400631771,
    0.101375722082369,
    -0.02180823507704028,
    -0.8560853548549108,
    0.09776460759101496,
    0.2347715384990069,
    0.2967634148581467,
    -0.4950713321392149,
    0.20966397437118517,
    -0.06308541964313889,
    -0.38235111081835005,
    0.000020517535543045085,
    -0.11833005417060644,
    -0.06297781931563175,
    -0.13048580798196088,
    0.03282151823094646,
    0.6281264777333405,
    -0.0825257616660158,
    -0.3591715456348559,
    0.06205068987142136,
    0.10887595599080942,
    -0.11999698377076443,
    0.3219744728958876,
    -0.12976887029884362,
    -0.043221816318781844,
    0.0639055683965335,
    0.190509479529795,
    -0.013410532239411903,
    -0.16993681773399255,
    0.207612561624166,
    0.007873012204543922,
    -0.16797975211789956,
    -0.18997941385698103,
    0.0779865519035758,
    0.1373871002741689,
    -0.22526594051188573,
    -0.12567394413512498,
    0.33944476647253646,
    -0.3304058719514533,
    0.09062988696227531,
    0.12739663601386225,
    -0.21360556774501255,
    0.11740497809355105,
    0.5836612902964069,
    -0.09905434806017437,
    -0.27031138237939745,
    0.34301886299684337,
    0.27816673380665424,
    0.041597934659643634,
    0.0030857415684783255,
    -0.0768594226958017,
    0.6159204538282704,
    0.1574632050093539,
    0.2764286386588229,
    -0.10848943001513184,
    0.2744846083800702,
    0.08328633883731848,
    -0.4198239983458261,
    0.22376876195934753,
    0.5257118976803349,
    -0.9399816780324869,
    -0.09334844845017914,
    -0.099575686429677,
    0.06224067379269417,
    -0.0016224211358252423,
    -0.17954892511704473,
    0.4289276009879236,
    -1.1565230091319028,
    0.7296366717980406,
    -0.20764257760742985,
    0.006582877420477194,
    0.19215298351449792,
    0.03662167419759798,
    0.06802701015804812,
    0.05485583992720962,
    0.09171119990573588,
    -0.17649207892244728,
    -0.9890731531253242,
    0.10378115276743174,
    0.0918712917145997,
    -0.9767568863685585,
    -0.05089025056514804,
    0.09730927659130079,
    0.3814394015886973,
    -0.11488788564782317,
    -0.4915290956956242,
    0.060041227991454726,
    0.22898175840729978,
    -0.02263088494373164,
    0.1939773530104838,
    0.21265796189482064,
    -0.29111220174007446,
    0.5327486470509832,
    -0.0858668432290136,
    0.3410755020228439,
    -0.608509275570275,
    0.01061733889588691,
    0.19207408845733043,
    -0.033099563781206744,
    -0.09478444436339606,
    -0.018798856845251462,
    -0.17540317355600654,
    0.02520135750408513,
    0.3081485420991616,
    0.12920755641139092,
    0.16473334130799167,
    -0.11999771447966352,
    0.014726596926962427,
    0.0969495278101489,
    -0.24958446233997128,
    -0.21317531977517679,
    -0.020251850525219644,
    0.09768614798460398,
    -0.17645338956651146,
    1.0616068633166407,
    -0.0782074348655446,
    -0.4868265409843608,
    -0.0954990318457882,
    -0.27921396987219055,
    -0.12936713202899033,
    -0.04698054289078496,
    0.38769425248613365,
    -0.23714853232258487,
    -0.0927124053940042,
    -0.38033786488297316,
    0.3283664110451529,
    0.06144522141300148,
    -0.22424560958852058,
    1.6477764641694668,
    0.15387340689968415,
    0.18102472904038772,
    0.5309487708313327,
    -0.1922279047176108,
    -0.24511604417331082,
    -0.11214587323800411,
    0.3281409713682608,
    -0.5078823768416687,
    -0.19828588588442297,
    0.009906448725245192,
    -0.03271078844848636,
    -0.20962974945322704,
    0.2413696055421472,
    0.008061359555821598,
    -0.5218001406875636,
    0.21249188656594908,
    -0.03864133861635589,
    -0.052151132530803584,
    -0.06370689860998377,
    0.0527832029382817,
    0.2483888417692394,
    -0.006889091177008089,
    -0.11897445648506454,
    0.18098332299622916,
    -0.5867835316164217,
    0.01947655598766089,
    0.004993293683687974,
    0.1119605158614288,
    -0.23349656547302616,
    0.1297029798483663,
    0.05910009870111083,
    0.23109160518755117,
    -0.12878084860263106,
    0.015056030138812994,
    0.10556521131902175,
    0.04298413659499261,
    -0.12884631546678704,
    -1.0200548451270754,
    0.24581095784660809,
    0.47145772050814466,
    -0.17382398126405996,
    -0.036880074389713455,
    -0.1949858616326306,
    -0.07426304410331773,
    -0.08390621778384064,
    0.28424210897210433,
    -0.13919524959687546,
    0.0032230782432093458,
    0.0723619009042817,
    0.2201193610009471,
    0.01811618633689978,
    -0.26197472924175297,
    -0.6290292777435156,
    0.11903659098569393,
    -0.16971248286362334,
    0.38241756937130134,
    0.3621081447608323,
    -0.12566822610409079,
    0.48317944328952045,
    -0.32536794494899324,
    0.11539797231913905,
    0.47299250269211407,
    -0.41626798989621466,
    -1.04248139086642,
    -1.0492400584354382,
    0.11915644166585068,
    -0.005689728703176411,
    0.07352578541049667,
    -0.004461522477768843,
    -0.3500782467766953,
    0.04678596383480073,
    0.9186136465661381,
    0.24338447040381905
  ],
  "meta": {
    "fitness": 1238.155966063301,
    "score": 1253.9,
    "exportedAt": "2026-07-14T08:48:00.096Z"
  }
}