{
    "format": "evolab-genome",
    "version": 1,
    "topic": "stock",
    "topology": {
        "inputSize": 18,
        "hiddenLayers": [10, 5],
        "outputSize": 3
    },
    "geneCount": 281,
    "genome": [
        -0.39007927877478754, -2.0096907618743227, 0.2027325540540821, -1.0551066001732947, -0.7877681803792095, -1.2424533248940002, 1.0986122886681098, 0, -1.0986122886681098, -0.26182315609752604,
        1.375767656520974, -1.3757676565209744, -1.638572366496088, 0.08592512846332952, 0.14384103622589042, -1.4722194895832204, 0.48470027859405174, -0.40218640783508486, -0.7733867, 0.34609533,
        -0.31724176, -0.66201316, -0.18085086, -0.30976379, 0.3862721, 0.54702485, -0.49624656, 1.05004581, 0.11747016, 0.95216496, -0.19643706, 0.03302577, 0.10592577, -0.27455746, -0.14760909,
        -0.55197608, 0.36904246, 0.38797015, 0.88883942, -0.0807459, 0.60074772, 0.69185476, -0.39240141, -1.18116854, -0.63315298, 0.18339315, -0.80611618, 0.4887838, -0.11424172, -0.19770982,
        -1.42178996, -0.56531716, -0.00181588, 0.31216938, -0.65782246, 0.11796549, -0.29916637, 0.41206604, 0.95889302, 0.64619327, 0.00005854, -0.44007895, 0.28752746, 0.66391205, 0.10046964,
        1.30071581, -0.54444038, -0.13084296, -0.01089839, 0.12458955, 0.61509919, 0.07233678, 0.94275149, 0.35615108, -0.24734144, -0.57974505, -0.61604009, 0.32036375, 0.42568697, 0.5249679,
        0.09917979, -0.48723314, 0.35652262, -1.11738116, 0.38550117, 0.12057672, 0.28199611, -1.60212011, 0.7102924, -1.34007738, 0.1550695, 0.2533986, 0.11428123, -0.98019525, -0.13588517,
        -0.28758475, 0.56632984, -0.55401987, -0.21618825, 0.19159497, -0.75864573, -0.72675875, 0.17518788, 0.0880163, 0.221697, 0.72185875, -0.07014897, 0.65722678, -0.35192733, -0.55154771,
        0.648127, 0.33509257, -0.03112092, -0.35379976, 0.29269379, 0.52090687, 1.23132363, -0.14110138, -0.06038788, 0.28240869, 0.47773237, -1.08283851, 0.34502546, 0.36820768, 0.60970997,
        -0.32442347, -0.04187526, 0.50611542, 0.84191537, 0.30758968, 1.26073732, -0.73014734, 0.60458735, -0.02188174, 0.39489285, -0.68305277, 0.15760922, 0.36403195, -0.34906741, 0.71605266,
        -0.6100202, -0.01188318, -0.99778981, -1.0513027, 0.01897833, -0.34074181, -0.25687781, -0.6288258, -1.19041212, -0.64922959, -1.20945237, 0.50075078, -0.70776369, -0.04445909, -0.51249286,
        -0.1576455, 1.31596898, 0.21823396, -0.07561407, -0.00356734, -0.43107373, 0.35326025, -0.51067047, -0.04116654, 0.63799569, 1.36320784, 0.01961609, 0.21138455, -0.37551652, 0.28912416,
        -0.24540617, 0.53579448, -0.6653337, -0.08422299, -0.46294859, 0.23896576, -1.29323917, -0.64013057, 0.51793106, 0.24868541, 0.04878255, 0.24181144, -0.17179072, 1.127229, -0.41871313,
        0.40792355, -0.23254252, 0.17497535, 0.05463456, -0.11298366, -0.63707978, 0.28235967, 0.47391738, -0.17313214, -0.28876716, -0.92882245, 0.58049178, -0.00543295, 0.03380628, -0.15628106,
        -0.00971619, 0.34742819, -0.7646951, -0.22403485, 0.76698117, -0.93788574, 0.75999637, -1.58416858, 0.93333799, 0.5598172, 0.21126608, -0.33577079, 0.65791155, -0.57081338, 1.2050859,
        0.22742106, -0.0360787, -0.23704225, -0.3671408, 0.11129586, 0.42872245, 0.23627806, -0.33139661, 0.04255778, 1.08952141, 0.51166047, 0.18994404, 0.82035833, 0.89521457, 0.17238263,
        0.85727784, 0.38166196, 0.02318541, 0.46747212, -1.57855435, -0.0427509, 1.03307479, -0.5394275, 0.22626154, -0.15278735, -0.45151229, -0.55971248, -0.3632837, 0.07610303, 0.11402976,
        -0.23474762, 0.09967048, 0.43459857, 0.00010727, -0.14373801, 0.15595892, 0.89933247, 0.23086534, -1.27064488, 0.14932412, 0.55441001, 0.33728631, -0.00117349, 0.17010662, 0.6928397,
        -0.38909541, -0.77440022, 0.24888867, 1.00547583, -0.14241615, -0.59662849, 0.57052382, 0.3635777, -0.83318723, 0.44782981, -0.61491415, 0.13931593, -0.15389728, 0.38444691, 0.15773198,
        -0.78600876, -0.47001795, -1.00699245, 0.76005246, -0.41037641, 0.28368427
    ],
    "meta": {
        "exportedAt": "2026-07-16T10:13:30.865Z",
        "note": "Reconstructed from Pine Script export (parameters via encodeGene + NN weights verbatim)"
    }
}
