{
    "format": "evolab-genome",
    "version": 1,
    "topic": "stock",
    "topology": {
        "inputSize": 18,
        "hiddenLayers": [10, 5],
        "outputSize": 3
    },
    "geneCount": 281,
    "genome": [
        -0.39007927877478754, -1.2883812226901676, 0.7236549871374659, -1.4214512767556973, -1.2250185157148112, 0.10313332258048252, 0.08751509280094932, -0.9620821409545971, -1.8143408742991758,
        0.09224131070318181, 0.6302387362624516, -1.3757676565209744, -1.8595926640585336, -0.030025576705361184, -0.09307474889103484, -0.39027586685309135, -1.0068833781139175, -0.9475017723851279,
        -0.7733867, 0.38741087942876756, -0.05458015096043367, -0.8143943351127034, -0.43275088993058614, 1.3591138895562511, 0.3862721, 0.54702485, -0.31170489066553186, 1.1138756408304087,
        0.08534631664456245, -0.931966071808208, -0.19643706, 0.289290269895888, 0.10592577, -0.3613932994059126, -0.0956902936223991, -0.55197608, 0.49592766764642054, 0.4478289662280877,
        0.9465397146614196, -0.17297269566223258, 0.7276010705245608, 0.8357268933906375, -0.30809553720101707, -0.7361563419963262, 0.24406395577842824, 0.21113226183866762, -0.80611618,
        0.6274715606593546, -0.11445117002348185, -0.19770982, -1.42178996, -0.5217862956137361, -0.043575506504194395, 0.31216938, -0.5183323724398354, -0.018086103089043126, -0.2626758371824006,
        0.5336386246267958, 0.8918217595016532, 0.6519785964920127, 0.00005854, -0.1662706942436591, 0.1606289395596, 0.66391205, 0.5576686060133687, 1.30071581, -0.3928427651447277,
        -0.7211780948112848, 0.19810267540179496, 0.12458955, -0.0013025283753048816, 0.9004893129475822, 0.94275149, 0.35615108, -1.1216694318539078, -0.57974505, 0.360207261629806, 0.32036375,
        0.5302855476973933, 0.2685721578537398, 0.09917979, -0.034125366566165855, -0.6357467436814693, -1.3014400623581677, 0.38550117, 0.3140280657602753, 0.28199611, -1.586613581008719,
        0.8078692520145963, -1.4170032324708577, -0.48572570695193373, 0.4497479145468769, 0.06556314049727596, -1.0626881062920568, -0.0963626578743516, -0.17546526343721258, 0.56632984, -0.55401987,
        -0.21618825, 0.19159497, -0.5745006588948753, -0.9861302965130414, 0.2728035836794495, 0.3271290764432276, 0.02917297205327978, 0.5178859748092982, -0.07014897, 0.65722678,
        -0.5390275283142326, -0.10977194447157021, 0.648127, 0.33509257, -0.28403593089476364, -0.19802258267343692, 0.29269379, -0.275054195333827, 1.2642899079187397, -0.19201145902320269,
        -0.41376243173306115, 0.13135774290525137, 0.7175396343137428, -1.08283851, 0.1958292750318556, 0.36820768, 0.20826249766527, -0.17872859245590395, -0.09805878605886333, 0.50611542,
        -0.3047517118659053, 0.3264423143070122, 0.8216213891052583, -0.7932122050851813, 0.60458735, -0.07142853430839484, -0.030809295075375515, -0.68305277, 0.38064604177656947, 0.3080936516264218,
        -0.34906741, 0.867328395188169, -0.5931201167655457, 0.1627543875820709, -1.0231622927711304, -0.8147808537833368, 0.5764389744501128, -0.4114027448328734, -0.18996207401570878, -0.6288258,
        -1.19041212, -0.8612293290276072, 0.07596023868052022, 0.50075078, -0.70776369, -0.01890978777309979, -0.19505725664098963, -0.46273390831910555, 0.683882433432442, 0.23105565524881405,
        -0.025253480232146103, -0.07282894406185786, -0.540397859942104, 0.3501431462602372, -0.26806165861198306, -0.07188354418850221, -0.45657037634492625, 1.36320784, 0.0769851442409391,
        0.21138455, 0.3126022825538446, 0.2413259895061976, 0.3737068367852081, 0.32743885983713217, -0.898162179718991, -0.08422299, -0.37819323669881416, 0.41478573534011, -1.29323917,
        -0.53709160401438, 0.5225108273029925, 0.11389326366188884, -0.04174667835688455, 0.24181144, -0.24934387018841908, 0.9975377014555717, -0.41871313, 0.40792355, 0.18392831599851478,
        0.17497535, 0.2491475977153073, -0.08861074668599972, -0.011671889763331299, 0.38051986992995535, 0.47391738, -0.2349443360426403, -0.28876716, -0.92882245, 0.58049178, 0.8755039993124,
        0.03380628, -0.15628106, 0.6775913502305242, 0.014257886948502996, -0.7863182105372871, -0.2353748422254273, 0.11204126746888246, -0.9062893697452188, 0.06098818779588999, -1.5362260412264557,
        0.93333799, -0.8634760443151746, 0.21126608, 0.7833993024578567, 0.1114806910258805, -0.57081338, 1.2050859, 0.22742106, -0.3529987310810229, -0.23704225, -0.3671408, -1.4544452990694658,
        0.42872245, 0.2562417123356987, -0.1658710037666022, 0.04255778, 0.5726460422398939, 0.51166047, -0.040194030679823245, 0.8914473163762675, 1.0315127206714818, 0.3621329323923719, 0.85727784,
        0.548172592964848, 0.0042618962474443405, 0.14829423032029976, -1.6186679751480701, -0.0427509, 1.03307479, -0.4527180245218103, -0.10479882210179481, -0.18013092288598923, -0.45151229,
        -0.55971248, -0.6565008456862771, 0.07610303, -0.0060546077401124054, 0.11743093745299146, 0.07970045051578431, 0.43228864062936895, -0.12369292026710993, -0.14373801, 0.09038090146532624,
        0.7017763019479849, -0.09930034500918483, -1.1809475107685676, 0.14932412, 0.55441001, 0.5402934788132812, 0.022734724308644795, 0.17010662, 0.6928397, -0.38909541, -0.13090382755165333,
        0.24888867, 1.181221038013327, -0.34016166474779463, 0.011371388709379482, -0.19495446924140314, 0.3635777, -0.83318723, -0.09277451996897658, -0.158462505048283, 0.09535500940539439,
        -0.15389728, 0.41036464100607584, 0.15773198, -0.6686507175289148, -0.5512443304810702, -0.9077045628665182, 0.39502559315995195, -0.41037641, 0.02704502143044247
    ],
    "meta": {
        "fitness": 37163.664009599655,
        "score": 94901.1,
        "exportedAt": "2026-07-16T10:23:23.855Z"
    }
}
